city,item_name,category,planting_month,harvest_month,year,area_hectares,yield_kg
Amargaḍhi̇̄,Rice,Crop,6,10,2022,128.71,80301.67
Amargaḍhi̇̄,Rice,Crop,6,10,2023,135.07,100655.41
Amargaḍhi̇̄,Rice,Crop,6,10,2024,69.46,51751.95
Amargaḍhi̇̄,Mango,Fruit,4,8,2022,149.46,97029.9
Amargaḍhi̇̄,Mango,Fruit,4,8,2023,49.97,20702.8
Amargaḍhi̇̄,Mango,Fruit,4,8,2024,65.48,48207.41
Amargaḍhi̇̄,Peas,Vegetable,10,2,2022,67.51,31340.49
Amargaḍhi̇̄,Peas,Vegetable,10,2,2023,65.3,38787.85
Amargaḍhi̇̄,Peas,Vegetable,10,2,2024,84.56,34350.49
Amargaḍhi̇̄,Banana,Fruit,1,12,2022,131.18,54662.87
Amargaḍhi̇̄,Banana,Fruit,1,12,2023,13.64,5940.59
Amargaḍhi̇̄,Banana,Fruit,1,12,2024,107.01,57010.21
Amargaḍhi̇̄,Orange,Fruit,5,11,2022,139.74,69059.7
Amargaḍhi̇̄,Orange,Fruit,5,11,2023,68.66,28288.31
Amargaḍhi̇̄,Orange,Fruit,5,11,2024,73.09,56456.71
Amargaḍhi̇̄,Guava,Fruit,6,10,2022,117.23,49603.58
Amargaḍhi̇̄,Guava,Fruit,6,10,2023,120.09,55598.08
Amargaḍhi̇̄,Guava,Fruit,6,10,2024,8.48,3726.78
Amargaḍhi̇̄,Litchi,Fruit,2,6,2022,72.93,55278.19
Amargaḍhi̇̄,Litchi,Fruit,2,6,2023,113.88,48163.97
Amargaḍhi̇̄,Litchi,Fruit,2,6,2024,17.73,7366.4
Banepā,Carrot,Vegetable,8,12,2022,72.36,57689.68
Banepā,Carrot,Vegetable,8,12,2023,148.73,106806.95
Banepā,Carrot,Vegetable,8,12,2024,48.15,16194.12
Banepā,Potato,Vegetable,9,12,2022,71.92,37946.66
Banepā,Potato,Vegetable,9,12,2023,11.48,6146.82
Banepā,Potato,Vegetable,9,12,2024,17.83,11909.03
Banepā,Spinach,Vegetable,9,11,2022,134.84,70989.12
Banepā,Spinach,Vegetable,9,11,2023,96.21,39821.13
Banepā,Spinach,Vegetable,9,11,2024,30.99,20379.41
Banepā,Green Beans,Vegetable,5,8,2022,6.34,3188.59
Banepā,Green Beans,Vegetable,5,8,2023,59.99,21979.51
Banepā,Green Beans,Vegetable,5,8,2024,74.03,51812.26
Banepā,Orange,Fruit,5,11,2022,80.15,32486.33
Banepā,Orange,Fruit,5,11,2023,143.49,51736.87
Banepā,Orange,Fruit,5,11,2024,125.72,57536.79
Banepā,Maize,Crop,2,5,2022,128.96,77891.09
Banepā,Maize,Crop,2,5,2023,20.85,7260.39
Banepā,Maize,Crop,2,5,2024,59.35,36170.54
Banepā,Guava,Fruit,6,10,2022,136.62,72810.68
Banepā,Guava,Fruit,6,10,2023,6.53,4319.86
Banepā,Guava,Fruit,6,10,2024,37.87,28856.08
Bhadrapur,Guava,Fruit,6,10,2022,120.78,95242.45
Bhadrapur,Guava,Fruit,6,10,2023,113.62,41019.19
Bhadrapur,Guava,Fruit,6,10,2024,118.77,40834.53
Bhadrapur,Cauliflower,Vegetable,7,10,2022,35.37,19512.46
Bhadrapur,Cauliflower,Vegetable,7,10,2023,107.55,63782.96
Bhadrapur,Cauliflower,Vegetable,7,10,2024,47.95,16583.07
Bhadrapur,Maize,Crop,2,5,2022,89.83,53161.43
Bhadrapur,Maize,Crop,2,5,2023,39.12,17062.25
Bhadrapur,Maize,Crop,2,5,2024,118.56,74663.95
Bhadrapur,Potato,Vegetable,9,12,2022,119.0,45077.43
Bhadrapur,Potato,Vegetable,9,12,2023,130.05,90151.2
Bhadrapur,Potato,Vegetable,9,12,2024,115.65,49968.26
Bhadrapur,Spinach,Vegetable,9,11,2022,118.62,66823.05
Bhadrapur,Spinach,Vegetable,9,11,2023,101.65,52672.32
Bhadrapur,Spinach,Vegetable,9,11,2024,46.21,17764.28
Bhadrapur,Peas,Vegetable,10,2,2022,134.06,72202.77
Bhadrapur,Peas,Vegetable,10,2,2023,107.9,51229.53
Bhadrapur,Peas,Vegetable,10,2,2024,72.03,31176.13
Bhadrapur,Chili,Vegetable,3,7,2022,53.21,20293.79
Bhadrapur,Chili,Vegetable,3,7,2023,12.94,6804.79
Bhadrapur,Chili,Vegetable,3,7,2024,41.32,18920.3
Bharatpur,Garlic,Vegetable,10,3,2022,90.34,50988.9
Bharatpur,Garlic,Vegetable,10,3,2023,39.49,25285.2
Bharatpur,Garlic,Vegetable,10,3,2024,108.73,58707.98
Bharatpur,Mango,Fruit,4,8,2022,5.95,3979.88
Bharatpur,Mango,Fruit,4,8,2023,147.44,61961.13
Bharatpur,Mango,Fruit,4,8,2024,19.44,7416.58
Bharatpur,Barley,Crop,10,3,2022,115.18,86241.55
Bharatpur,Barley,Crop,10,3,2023,149.74,93258.05
Bharatpur,Barley,Crop,10,3,2024,21.71,14617.67
Bharatpur,Rice,Crop,6,10,2022,37.72,20264.77
Bharatpur,Rice,Crop,6,10,2023,99.39,43447.69
Bharatpur,Rice,Crop,6,10,2024,57.69,20665.34
Bharatpur,Peas,Vegetable,10,2,2022,95.55,69746.82
Bharatpur,Peas,Vegetable,10,2,2023,46.87,36462.23
Bharatpur,Peas,Vegetable,10,2,2024,68.29,53204.4
Bharatpur,Chili,Vegetable,3,7,2022,94.63,38684.82
Bharatpur,Chili,Vegetable,3,7,2023,144.92,102662.64
Bharatpur,Chili,Vegetable,3,7,2024,64.17,22981.66
Bharatpur,Potato,Vegetable,9,12,2022,85.52,27605.56
Bharatpur,Potato,Vegetable,9,12,2023,8.81,4215.68
Bharatpur,Potato,Vegetable,9,12,2024,54.3,33168.75
Bhimdatta,Litchi,Fruit,2,6,2022,96.4,71968.96
Bhimdatta,Litchi,Fruit,2,6,2023,25.44,8068.62
Bhimdatta,Litchi,Fruit,2,6,2024,148.49,110223.78
Bhimdatta,Rice,Crop,6,10,2022,81.67,47777.27
Bhimdatta,Rice,Crop,6,10,2023,28.46,21488.58
Bhimdatta,Rice,Crop,6,10,2024,82.78,57084.31
Bhimdatta,Banana,Fruit,1,12,2022,6.43,2543.56
Bhimdatta,Banana,Fruit,1,12,2023,66.12,30809.07
Bhimdatta,Banana,Fruit,1,12,2024,140.15,79005.18
Bhimdatta,Green Beans,Vegetable,5,8,2022,57.24,42799.66
Bhimdatta,Green Beans,Vegetable,5,8,2023,134.52,52376.67
Bhimdatta,Green Beans,Vegetable,5,8,2024,137.87,74055.95
Bhimdatta,Pumpkin,Vegetable,6,9,2022,133.26,69804.72
Bhimdatta,Pumpkin,Vegetable,6,9,2023,24.1,10231.69
Bhimdatta,Pumpkin,Vegetable,6,9,2024,42.05,26906.93
Bhimdatta,Guava,Fruit,6,10,2022,51.85,33214.85
Bhimdatta,Guava,Fruit,6,10,2023,114.06,40524.44
Bhimdatta,Guava,Fruit,6,10,2024,79.41,48327.25
Bhimdatta,Tomato,Vegetable,8,11,2022,74.75,34144.01
Bhimdatta,Tomato,Vegetable,8,11,2023,57.75,43435.4
Bhimdatta,Tomato,Vegetable,8,11,2024,97.41,64793.35
Biratnagar,Green Beans,Vegetable,5,8,2022,94.3,37099.09
Biratnagar,Green Beans,Vegetable,5,8,2023,92.2,52119.76
Biratnagar,Green Beans,Vegetable,5,8,2024,79.82,42300.88
Biratnagar,Radish,Vegetable,9,12,2022,47.93,22294.03
Biratnagar,Radish,Vegetable,9,12,2023,95.63,68715.99
Biratnagar,Radish,Vegetable,9,12,2024,75.38,40943.18
Biratnagar,Tomato,Vegetable,8,11,2022,9.45,5879.67
Biratnagar,Tomato,Vegetable,8,11,2023,27.63,12773.89
Biratnagar,Tomato,Vegetable,8,11,2024,119.2,91676.19
Biratnagar,Mustard,Crop,10,2,2022,148.25,54601.01
Biratnagar,Mustard,Crop,10,2,2023,36.81,26945.3
Biratnagar,Mustard,Crop,10,2,2024,116.96,85442.29
Biratnagar,Banana,Fruit,1,12,2022,108.28,49918.43
Biratnagar,Banana,Fruit,1,12,2023,31.91,15612.73
Biratnagar,Banana,Fruit,1,12,2024,30.87,20555.76
Biratnagar,Guava,Fruit,6,10,2022,62.33,21729.18
Biratnagar,Guava,Fruit,6,10,2023,131.3,69030.23
Biratnagar,Guava,Fruit,6,10,2024,79.21,50720.99
Biratnagar,Potato,Vegetable,9,12,2022,85.21,54006.02
Biratnagar,Potato,Vegetable,9,12,2023,143.3,55250.26
Biratnagar,Potato,Vegetable,9,12,2024,50.5,37321.53
Birendranagar,Cabbage,Vegetable,6,9,2022,120.14,52813.33
Birendranagar,Cabbage,Vegetable,6,9,2023,58.72,31153.11
Birendranagar,Cabbage,Vegetable,6,9,2024,101.02,47487.66
Birendranagar,Onion,Vegetable,10,2,2022,74.01,54402.84
Birendranagar,Onion,Vegetable,10,2,2023,82.97,58993.79
Birendranagar,Onion,Vegetable,10,2,2024,121.99,37580.01
Birendranagar,Soybean,Crop,7,10,2022,133.19,104619.72
Birendranagar,Soybean,Crop,7,10,2023,116.09,36795.32
Birendranagar,Soybean,Crop,7,10,2024,35.48,14302.17
Birendranagar,Papaya,Fruit,3,9,2022,71.2,42053.51
Birendranagar,Papaya,Fruit,3,9,2023,148.66,53268.94
Birendranagar,Papaya,Fruit,3,9,2024,31.15,17729.35
Birendranagar,Peas,Vegetable,10,2,2022,21.79,10375.87
Birendranagar,Peas,Vegetable,10,2,2023,102.52,66668.6
Birendranagar,Peas,Vegetable,10,2,2024,85.5,35544.12
Birendranagar,Green Beans,Vegetable,5,8,2022,101.59,76823.62
Birendranagar,Green Beans,Vegetable,5,8,2023,7.16,2188.46
Birendranagar,Green Beans,Vegetable,5,8,2024,59.54,33793.69
Birendranagar,Chili,Vegetable,3,7,2022,112.88,47934.06
Birendranagar,Chili,Vegetable,3,7,2023,149.98,63113.28
Birendranagar,Chili,Vegetable,3,7,2024,56.65,27718.5
Birgañj,Orange,Fruit,5,11,2022,141.84,111097.7
Birgañj,Orange,Fruit,5,11,2023,110.7,56449.34
Birgañj,Orange,Fruit,5,11,2024,91.95,55609.82
Birgañj,Spinach,Vegetable,9,11,2022,93.07,52219.81
Birgañj,Spinach,Vegetable,9,11,2023,107.62,69886.84
Birgañj,Spinach,Vegetable,9,11,2024,78.23,57454.36
Birgañj,Cucumber,Vegetable,3,6,2022,132.22,81173.67
Birgañj,Cucumber,Vegetable,3,6,2023,136.03,76623.74
Birgañj,Cucumber,Vegetable,3,6,2024,130.13,70984.98
Birgañj,Radish,Vegetable,9,12,2022,117.15,49761.2
Birgañj,Radish,Vegetable,9,12,2023,53.39,28284.86
Birgañj,Radish,Vegetable,9,12,2024,32.65,25939.84
Birgañj,Wheat,Crop,11,3,2022,82.19,27008.23
Birgañj,Wheat,Crop,11,3,2023,103.46,69888.7
Birgañj,Wheat,Crop,11,3,2024,96.19,61673.8
Birgañj,Maize,Crop,2,5,2022,127.99,63436.05
Birgañj,Maize,Crop,2,5,2023,66.99,24926.53
Birgañj,Maize,Crop,2,5,2024,66.57,46461.98
Birgañj,Soybean,Crop,7,10,2022,113.28,69217.26
Birgañj,Soybean,Crop,7,10,2023,104.59,49940.36
Birgañj,Soybean,Crop,7,10,2024,101.95,78811.08
Butwāl,Guava,Fruit,6,10,2022,79.74,45487.9
Butwāl,Guava,Fruit,6,10,2023,141.54,87392.76
Butwāl,Guava,Fruit,6,10,2024,114.64,76426.23
Butwāl,Potato,Vegetable,9,12,2022,84.62,40935.86
Butwāl,Potato,Vegetable,9,12,2023,50.1,16786.6
Butwāl,Potato,Vegetable,9,12,2024,13.6,8021.29
Butwāl,Carrot,Vegetable,8,12,2022,14.92,9701.17
Butwāl,Carrot,Vegetable,8,12,2023,133.34,81138.29
Butwāl,Carrot,Vegetable,8,12,2024,21.22,15802.03
Butwāl,Cabbage,Vegetable,6,9,2022,85.87,56483.11
Butwāl,Cabbage,Vegetable,6,9,2023,57.45,23049.96
Butwāl,Cabbage,Vegetable,6,9,2024,60.64,18279.78
Butwāl,Litchi,Fruit,2,6,2022,10.18,7977.2
Butwāl,Litchi,Fruit,2,6,2023,69.7,21678.37
Butwāl,Litchi,Fruit,2,6,2024,102.88,43987.39
Butwāl,Pumpkin,Vegetable,6,9,2022,124.61,92364.62
Butwāl,Pumpkin,Vegetable,6,9,2023,9.24,4817.83
Butwāl,Pumpkin,Vegetable,6,9,2024,69.56,25252.15
Butwāl,Barley,Crop,10,3,2022,117.21,86967.3
Butwāl,Barley,Crop,10,3,2023,65.02,24100.73
Butwāl,Barley,Crop,10,3,2024,36.63,27514.44
Dailekh,Carrot,Vegetable,8,12,2022,48.02,29970.15
Dailekh,Carrot,Vegetable,8,12,2023,26.54,10123.12
Dailekh,Carrot,Vegetable,8,12,2024,61.07,36199.82
Dailekh,Soybean,Crop,7,10,2022,33.12,12724.36
Dailekh,Soybean,Crop,7,10,2023,37.25,23334.81
Dailekh,Soybean,Crop,7,10,2024,66.15,47094.8
Dailekh,Cucumber,Vegetable,3,6,2022,145.33,66267.32
Dailekh,Cucumber,Vegetable,3,6,2023,44.8,30772.93
Dailekh,Cucumber,Vegetable,3,6,2024,110.5,84358.72
Dailekh,Banana,Fruit,1,12,2022,85.28,49554.05
Dailekh,Banana,Fruit,1,12,2023,136.05,75377.94
Dailekh,Banana,Fruit,1,12,2024,90.11,70625.09
Dailekh,Orange,Fruit,5,11,2022,87.67,65797.35
Dailekh,Orange,Fruit,5,11,2023,96.88,46087.3
Dailekh,Orange,Fruit,5,11,2024,35.39,16494.73
Dailekh,Chili,Vegetable,3,7,2022,149.52,104016.89
Dailekh,Chili,Vegetable,3,7,2023,16.69,12391.38
Dailekh,Chili,Vegetable,3,7,2024,82.78,58351.74
Dailekh,Onion,Vegetable,10,2,2022,8.62,2957.59
Dailekh,Onion,Vegetable,10,2,2023,145.13,95382.5
Dailekh,Onion,Vegetable,10,2,2024,18.25,12186.01
Dārchulā,Cucumber,Vegetable,3,6,2022,68.84,40744.6
Dārchulā,Cucumber,Vegetable,3,6,2023,137.72,90243.24
Dārchulā,Cucumber,Vegetable,3,6,2024,139.68,73119.37
Dārchulā,Radish,Vegetable,9,12,2022,29.52,23371.67
Dārchulā,Radish,Vegetable,9,12,2023,149.91,119734.65
Dārchulā,Radish,Vegetable,9,12,2024,53.25,38846.7
Dārchulā,Soybean,Crop,7,10,2022,90.56,50878.29
Dārchulā,Soybean,Crop,7,10,2023,71.15,56628.65
Dārchulā,Soybean,Crop,7,10,2024,87.3,64895.34
Dārchulā,Pumpkin,Vegetable,6,9,2022,14.39,7806.0
Dārchulā,Pumpkin,Vegetable,6,9,2023,33.75,21105.63
Dārchulā,Pumpkin,Vegetable,6,9,2024,139.3,86632.85
Dārchulā,Cauliflower,Vegetable,7,10,2022,23.69,14764.02
Dārchulā,Cauliflower,Vegetable,7,10,2023,14.2,8174.55
Dārchulā,Cauliflower,Vegetable,7,10,2024,35.02,23874.47
Dārchulā,Carrot,Vegetable,8,12,2022,50.78,25144.51
Dārchulā,Carrot,Vegetable,8,12,2023,7.79,3732.83
Dārchulā,Carrot,Vegetable,8,12,2024,56.22,37393.83
Dārchulā,Spinach,Vegetable,9,11,2022,127.28,54244.64
Dārchulā,Spinach,Vegetable,9,11,2023,95.2,44399.2
Dārchulā,Spinach,Vegetable,9,11,2024,138.1,89732.76
Dhangaḍhi̇̄,Barley,Crop,10,3,2022,147.76,72838.12
Dhangaḍhi̇̄,Barley,Crop,10,3,2023,39.21,14129.44
Dhangaḍhi̇̄,Barley,Crop,10,3,2024,118.36,46333.81
Dhangaḍhi̇̄,Cabbage,Vegetable,6,9,2022,7.54,5026.61
Dhangaḍhi̇̄,Cabbage,Vegetable,6,9,2023,73.61,24762.96
Dhangaḍhi̇̄,Cabbage,Vegetable,6,9,2024,83.62,50135.31
Dhangaḍhi̇̄,Potato,Vegetable,9,12,2022,94.55,38281.86
Dhangaḍhi̇̄,Potato,Vegetable,9,12,2023,44.3,20048.31
Dhangaḍhi̇̄,Potato,Vegetable,9,12,2024,81.82,63488.06
Dhangaḍhi̇̄,Peas,Vegetable,10,2,2022,77.53,43211.43
Dhangaḍhi̇̄,Peas,Vegetable,10,2,2023,90.4,62715.1
Dhangaḍhi̇̄,Peas,Vegetable,10,2,2024,148.5,68037.23
Dhangaḍhi̇̄,Onion,Vegetable,10,2,2022,146.85,89991.07
Dhangaḍhi̇̄,Onion,Vegetable,10,2,2023,145.35,109819.13
Dhangaḍhi̇̄,Onion,Vegetable,10,2,2024,106.51,80747.71
Dhangaḍhi̇̄,Pineapple,Fruit,4,9,2022,139.47,54377.05
Dhangaḍhi̇̄,Pineapple,Fruit,4,9,2023,149.6,65165.72
Dhangaḍhi̇̄,Pineapple,Fruit,4,9,2024,94.0,38163.13
Dhangaḍhi̇̄,Rice,Crop,6,10,2022,64.28,45463.95
Dhangaḍhi̇̄,Rice,Crop,6,10,2023,15.41,5491.6
Dhangaḍhi̇̄,Rice,Crop,6,10,2024,23.76,8813.98
Dhankutā,Maize,Crop,2,5,2022,7.9,4934.19
Dhankutā,Maize,Crop,2,5,2023,35.59,17962.85
Dhankutā,Maize,Crop,2,5,2024,146.3,103403.42
Dhankutā,Radish,Vegetable,9,12,2022,102.09,69285.55
Dhankutā,Radish,Vegetable,9,12,2023,127.08,45979.85
Dhankutā,Radish,Vegetable,9,12,2024,114.92,62097.98
Dhankutā,Orange,Fruit,5,11,2022,59.45,19890.43
Dhankutā,Orange,Fruit,5,11,2023,54.46,17676.12
Dhankutā,Orange,Fruit,5,11,2024,95.92,40776.79
Dhankutā,Cabbage,Vegetable,6,9,2022,35.63,28031.69
Dhankutā,Cabbage,Vegetable,6,9,2023,63.75,20086.0
Dhankutā,Cabbage,Vegetable,6,9,2024,26.25,19797.03
Dhankutā,Papaya,Fruit,3,9,2022,46.39,36804.54
Dhankutā,Papaya,Fruit,3,9,2023,83.71,33436.66
Dhankutā,Papaya,Fruit,3,9,2024,126.99,55955.91
Dhankutā,Tomato,Vegetable,8,11,2022,58.94,20727.73
Dhankutā,Tomato,Vegetable,8,11,2023,28.96,20585.97
Dhankutā,Tomato,Vegetable,8,11,2024,12.96,8929.82
Dhankutā,Cucumber,Vegetable,3,6,2022,127.01,77333.83
Dhankutā,Cucumber,Vegetable,3,6,2023,37.03,16098.68
Dhankutā,Cucumber,Vegetable,3,6,2024,13.26,10464.11
Dharān,Mango,Fruit,4,8,2022,145.11,51523.79
Dharān,Mango,Fruit,4,8,2023,12.08,4270.93
Dharān,Mango,Fruit,4,8,2024,41.84,16767.54
Dharān,Barley,Crop,10,3,2022,56.25,22312.15
Dharān,Barley,Crop,10,3,2023,107.22,43090.69
Dharān,Barley,Crop,10,3,2024,24.16,12776.34
Dharān,Cabbage,Vegetable,6,9,2022,25.84,9876.36
Dharān,Cabbage,Vegetable,6,9,2023,41.35,17300.23
Dharān,Cabbage,Vegetable,6,9,2024,133.44,41858.05
Dharān,Papaya,Fruit,3,9,2022,13.15,8138.3
Dharān,Papaya,Fruit,3,9,2023,24.18,7638.83
Dharān,Papaya,Fruit,3,9,2024,146.57,52843.14
Dharān,Peas,Vegetable,10,2,2022,109.68,38469.55
Dharān,Peas,Vegetable,10,2,2023,20.13,7793.74
Dharān,Peas,Vegetable,10,2,2024,6.1,2133.24
Dharān,Onion,Vegetable,10,2,2022,26.92,10152.44
Dharān,Onion,Vegetable,10,2,2023,78.19,61228.91
Dharān,Onion,Vegetable,10,2,2024,122.25,66519.43
Dharān,Soybean,Crop,7,10,2022,45.14,18490.53
Dharān,Soybean,Crop,7,10,2023,121.54,83465.36
Dharān,Soybean,Crop,7,10,2024,139.33,85690.11
Dhulikhel,Soybean,Crop,7,10,2022,128.45,71514.57
Dhulikhel,Soybean,Crop,7,10,2023,35.76,11613.6
Dhulikhel,Soybean,Crop,7,10,2024,85.04,60829.49
Dhulikhel,Garlic,Vegetable,10,3,2022,70.67,48610.65
Dhulikhel,Garlic,Vegetable,10,3,2023,52.75,18856.48
Dhulikhel,Garlic,Vegetable,10,3,2024,81.58,41390.46
Dhulikhel,Cabbage,Vegetable,6,9,2022,79.05,47243.27
Dhulikhel,Cabbage,Vegetable,6,9,2023,17.55,9173.93
Dhulikhel,Cabbage,Vegetable,6,9,2024,18.47,11423.28
Dhulikhel,Spinach,Vegetable,9,11,2022,17.63,11666.73
Dhulikhel,Spinach,Vegetable,9,11,2023,107.36,36998.24
Dhulikhel,Spinach,Vegetable,9,11,2024,96.82,72714.31
Dhulikhel,Cauliflower,Vegetable,7,10,2022,83.18,38341.72
Dhulikhel,Cauliflower,Vegetable,7,10,2023,5.22,3029.6
Dhulikhel,Cauliflower,Vegetable,7,10,2024,11.23,4215.91
Dhulikhel,Green Beans,Vegetable,5,8,2022,41.91,22000.9
Dhulikhel,Green Beans,Vegetable,5,8,2023,119.42,72564.94
Dhulikhel,Green Beans,Vegetable,5,8,2024,49.43,17060.54
Dhulikhel,Rice,Crop,6,10,2022,30.59,22824.05
Dhulikhel,Rice,Crop,6,10,2023,70.85,46959.05
Dhulikhel,Rice,Crop,6,10,2024,22.08,15985.27
Dipayal,Pumpkin,Vegetable,6,9,2022,23.97,9208.11
Dipayal,Pumpkin,Vegetable,6,9,2023,17.61,8663.55
Dipayal,Pumpkin,Vegetable,6,9,2024,19.63,12865.77
Dipayal,Cucumber,Vegetable,3,6,2022,114.15,89664.62
Dipayal,Cucumber,Vegetable,3,6,2023,121.24,37767.75
Dipayal,Cucumber,Vegetable,3,6,2024,106.01,54927.44
Dipayal,Spinach,Vegetable,9,11,2022,148.55,66680.1
Dipayal,Spinach,Vegetable,9,11,2023,77.57,50241.57
Dipayal,Spinach,Vegetable,9,11,2024,124.21,50648.37
Dipayal,Green Beans,Vegetable,5,8,2022,21.48,16746.84
Dipayal,Green Beans,Vegetable,5,8,2023,15.15,9621.86
Dipayal,Green Beans,Vegetable,5,8,2024,111.34,57578.84
Dipayal,Radish,Vegetable,9,12,2022,52.89,41415.91
Dipayal,Radish,Vegetable,9,12,2023,147.91,92532.15
Dipayal,Radish,Vegetable,9,12,2024,149.06,113631.83
Dipayal,Cabbage,Vegetable,6,9,2022,52.12,32240.5
Dipayal,Cabbage,Vegetable,6,9,2023,28.82,16183.22
Dipayal,Cabbage,Vegetable,6,9,2024,139.17,107576.95
Dipayal,Mustard,Crop,10,2,2022,118.22,51336.69
Dipayal,Mustard,Crop,10,2,2023,131.55,41477.64
Dipayal,Mustard,Crop,10,2,2024,75.83,38346.14
Gaur,Rice,Crop,6,10,2022,33.81,13580.48
Gaur,Rice,Crop,6,10,2023,65.98,33891.55
Gaur,Rice,Crop,6,10,2024,114.06,62231.07
Gaur,Carrot,Vegetable,8,12,2022,18.6,12107.17
Gaur,Carrot,Vegetable,8,12,2023,86.56,56165.84
Gaur,Carrot,Vegetable,8,12,2024,140.97,63415.81
Gaur,Wheat,Crop,11,3,2022,18.77,13639.77
Gaur,Wheat,Crop,11,3,2023,55.11,23631.51
Gaur,Wheat,Crop,11,3,2024,65.83,49410.74
Gaur,Barley,Crop,10,3,2022,54.44,36009.57
Gaur,Barley,Crop,10,3,2023,19.5,10844.71
Gaur,Barley,Crop,10,3,2024,137.27,78478.38
Gaur,Potato,Vegetable,9,12,2022,104.78,69510.55
Gaur,Potato,Vegetable,9,12,2023,123.35,79739.05
Gaur,Potato,Vegetable,9,12,2024,19.41,14720.96
Gaur,Orange,Fruit,5,11,2022,46.45,21156.25
Gaur,Orange,Fruit,5,11,2023,67.78,24964.29
Gaur,Orange,Fruit,5,11,2024,96.72,57732.31
Gaur,Guava,Fruit,6,10,2022,103.79,74392.99
Gaur,Guava,Fruit,6,10,2023,79.85,49316.62
Gaur,Guava,Fruit,6,10,2024,85.22,36726.32
Gulariyā,Spinach,Vegetable,9,11,2022,30.47,10158.54
Gulariyā,Spinach,Vegetable,9,11,2023,36.22,23289.06
Gulariyā,Spinach,Vegetable,9,11,2024,105.58,56751.21
Gulariyā,Onion,Vegetable,10,2,2022,43.52,32599.54
Gulariyā,Onion,Vegetable,10,2,2023,138.6,82032.81
Gulariyā,Onion,Vegetable,10,2,2024,97.15,52296.64
Gulariyā,Soybean,Crop,7,10,2022,147.07,102868.25
Gulariyā,Soybean,Crop,7,10,2023,66.21,41122.52
Gulariyā,Soybean,Crop,7,10,2024,123.93,60167.23
Gulariyā,Litchi,Fruit,2,6,2022,130.39,56837.53
Gulariyā,Litchi,Fruit,2,6,2023,80.13,36978.6
Gulariyā,Litchi,Fruit,2,6,2024,39.01,21322.02
Gulariyā,Pineapple,Fruit,4,9,2022,6.77,3917.26
Gulariyā,Pineapple,Fruit,4,9,2023,133.95,79584.46
Gulariyā,Pineapple,Fruit,4,9,2024,12.87,8664.48
Gulariyā,Garlic,Vegetable,10,3,2022,9.46,3346.54
Gulariyā,Garlic,Vegetable,10,3,2023,52.68,32454.37
Gulariyā,Garlic,Vegetable,10,3,2024,24.8,13197.4
Gulariyā,Green Beans,Vegetable,5,8,2022,64.97,45473.9
Gulariyā,Green Beans,Vegetable,5,8,2023,23.57,15565.45
Gulariyā,Green Beans,Vegetable,5,8,2024,66.67,36595.51
Hetauda,Guava,Fruit,6,10,2022,45.26,20410.75
Hetauda,Guava,Fruit,6,10,2023,81.37,43824.45
Hetauda,Guava,Fruit,6,10,2024,109.19,38105.41
Hetauda,Peas,Vegetable,10,2,2022,134.08,95633.28
Hetauda,Peas,Vegetable,10,2,2023,29.33,21388.43
Hetauda,Peas,Vegetable,10,2,2024,124.99,38645.22
Hetauda,Banana,Fruit,1,12,2022,64.66,19740.68
Hetauda,Banana,Fruit,1,12,2023,140.29,68115.61
Hetauda,Banana,Fruit,1,12,2024,8.32,3392.34
Hetauda,Radish,Vegetable,9,12,2022,110.27,34121.81
Hetauda,Radish,Vegetable,9,12,2023,120.71,88554.26
Hetauda,Radish,Vegetable,9,12,2024,26.47,18100.45
Hetauda,Orange,Fruit,5,11,2022,29.72,20411.83
Hetauda,Orange,Fruit,5,11,2023,129.3,55927.05
Hetauda,Orange,Fruit,5,11,2024,98.59,68704.65
Hetauda,Tomato,Vegetable,8,11,2022,58.87,27123.29
Hetauda,Tomato,Vegetable,8,11,2023,144.73,69962.25
Hetauda,Tomato,Vegetable,8,11,2024,135.39,73054.39
Hetauda,Litchi,Fruit,2,6,2022,145.77,66156.18
Hetauda,Litchi,Fruit,2,6,2023,149.53,110296.44
Hetauda,Litchi,Fruit,2,6,2024,127.83,94765.31
Ilām,Spinach,Vegetable,9,11,2022,128.23,69159.98
Ilām,Spinach,Vegetable,9,11,2023,55.19,34752.76
Ilām,Spinach,Vegetable,9,11,2024,74.14,32686.55
Ilām,Litchi,Fruit,2,6,2022,139.54,87058.67
Ilām,Litchi,Fruit,2,6,2023,93.89,43832.22
Ilām,Litchi,Fruit,2,6,2024,108.65,43286.64
Ilām,Maize,Crop,2,5,2022,91.59,54814.15
Ilām,Maize,Crop,2,5,2023,58.51,31852.99
Ilām,Maize,Crop,2,5,2024,15.33,5685.37
Ilām,Barley,Crop,10,3,2022,24.54,14344.6
Ilām,Barley,Crop,10,3,2023,127.16,85010.1
Ilām,Barley,Crop,10,3,2024,19.66,8306.2
Ilām,Carrot,Vegetable,8,12,2022,58.5,19137.98
Ilām,Carrot,Vegetable,8,12,2023,109.15,75149.99
Ilām,Carrot,Vegetable,8,12,2024,103.32,75289.33
Ilām,Guava,Fruit,6,10,2022,88.5,66142.61
Ilām,Guava,Fruit,6,10,2023,52.81,36448.79
Ilām,Guava,Fruit,6,10,2024,84.31,64426.73
Ilām,Cauliflower,Vegetable,7,10,2022,132.36,51520.97
Ilām,Cauliflower,Vegetable,7,10,2023,59.79,37144.34
Ilām,Cauliflower,Vegetable,7,10,2024,127.34,80904.62
Inaruwa,Barley,Crop,10,3,2022,25.86,13788.09
Inaruwa,Barley,Crop,10,3,2023,92.88,47643.51
Inaruwa,Barley,Crop,10,3,2024,149.94,110834.16
Inaruwa,Chili,Vegetable,3,7,2022,53.8,16924.09
Inaruwa,Chili,Vegetable,3,7,2023,9.83,5967.82
Inaruwa,Chili,Vegetable,3,7,2024,146.73,113942.67
Inaruwa,Maize,Crop,2,5,2022,123.49,46839.41
Inaruwa,Maize,Crop,2,5,2023,116.73,85746.32
Inaruwa,Maize,Crop,2,5,2024,69.05,25290.02
Inaruwa,Carrot,Vegetable,8,12,2022,12.07,5290.15
Inaruwa,Carrot,Vegetable,8,12,2023,78.33,26689.1
Inaruwa,Carrot,Vegetable,8,12,2024,103.33,71412.9
Inaruwa,Peas,Vegetable,10,2,2022,138.42,108141.52
Inaruwa,Peas,Vegetable,10,2,2023,5.48,2210.93
Inaruwa,Peas,Vegetable,10,2,2024,12.01,4976.33
Inaruwa,Guava,Fruit,6,10,2022,62.49,31252.67
Inaruwa,Guava,Fruit,6,10,2023,39.8,19040.78
Inaruwa,Guava,Fruit,6,10,2024,60.27,43432.12
Inaruwa,Radish,Vegetable,9,12,2022,19.21,5795.47
Inaruwa,Radish,Vegetable,9,12,2023,10.0,3040.18
Inaruwa,Radish,Vegetable,9,12,2024,136.4,80776.91
Īṭahari̇̄,Pineapple,Fruit,4,9,2022,62.58,31957.3
Īṭahari̇̄,Pineapple,Fruit,4,9,2023,122.06,91374.4
Īṭahari̇̄,Pineapple,Fruit,4,9,2024,99.98,56316.99
Īṭahari̇̄,Cucumber,Vegetable,3,6,2022,108.12,83087.21
Īṭahari̇̄,Cucumber,Vegetable,3,6,2023,144.84,69139.22
Īṭahari̇̄,Cucumber,Vegetable,3,6,2024,31.0,16080.34
Īṭahari̇̄,Green Beans,Vegetable,5,8,2022,107.32,62337.15
Īṭahari̇̄,Green Beans,Vegetable,5,8,2023,149.0,47797.25
Īṭahari̇̄,Green Beans,Vegetable,5,8,2024,148.75,89309.84
Īṭahari̇̄,Barley,Crop,10,3,2022,114.93,36395.73
Īṭahari̇̄,Barley,Crop,10,3,2023,37.45,15365.82
Īṭahari̇̄,Barley,Crop,10,3,2024,143.44,52700.65
Īṭahari̇̄,Litchi,Fruit,2,6,2022,51.27,29750.61
Īṭahari̇̄,Litchi,Fruit,2,6,2023,14.01,10173.29
Īṭahari̇̄,Litchi,Fruit,2,6,2024,117.03,42359.22
Īṭahari̇̄,Rice,Crop,6,10,2022,76.58,30582.49
Īṭahari̇̄,Rice,Crop,6,10,2023,9.76,3896.33
Īṭahari̇̄,Rice,Crop,6,10,2024,110.53,60978.42
Īṭahari̇̄,Cauliflower,Vegetable,7,10,2022,33.49,18359.18
Īṭahari̇̄,Cauliflower,Vegetable,7,10,2023,18.16,9890.39
Īṭahari̇̄,Cauliflower,Vegetable,7,10,2024,115.47,90510.67
Jaleshwar,Maize,Crop,2,5,2022,58.6,36918.21
Jaleshwar,Maize,Crop,2,5,2023,124.0,98072.21
Jaleshwar,Maize,Crop,2,5,2024,147.53,50034.52
Jaleshwar,Cabbage,Vegetable,6,9,2022,87.98,64547.59
Jaleshwar,Cabbage,Vegetable,6,9,2023,7.77,3743.05
Jaleshwar,Cabbage,Vegetable,6,9,2024,30.92,12838.54
Jaleshwar,Peas,Vegetable,10,2,2022,46.92,21803.32
Jaleshwar,Peas,Vegetable,10,2,2023,65.34,26893.38
Jaleshwar,Peas,Vegetable,10,2,2024,133.11,48271.05
Jaleshwar,Radish,Vegetable,9,12,2022,82.94,32327.39
Jaleshwar,Radish,Vegetable,9,12,2023,23.81,13674.23
Jaleshwar,Radish,Vegetable,9,12,2024,135.85,84238.36
Jaleshwar,Potato,Vegetable,9,12,2022,74.71,39202.79
Jaleshwar,Potato,Vegetable,9,12,2023,40.52,19072.59
Jaleshwar,Potato,Vegetable,9,12,2024,41.45,32309.04
Jaleshwar,Orange,Fruit,5,11,2022,146.93,77951.9
Jaleshwar,Orange,Fruit,5,11,2023,31.35,14565.18
Jaleshwar,Orange,Fruit,5,11,2024,81.13,57415.73
Jaleshwar,Barley,Crop,10,3,2022,45.62,35519.78
Jaleshwar,Barley,Crop,10,3,2023,117.83,54190.19
Jaleshwar,Barley,Crop,10,3,2024,108.28,55447.93
Janakpur,Soybean,Crop,7,10,2022,120.41,59990.64
Janakpur,Soybean,Crop,7,10,2023,70.73,55478.04
Janakpur,Soybean,Crop,7,10,2024,105.22,83591.91
Janakpur,Pineapple,Fruit,4,9,2022,18.06,8357.87
Janakpur,Pineapple,Fruit,4,9,2023,47.41,19230.34
Janakpur,Pineapple,Fruit,4,9,2024,28.46,9405.8
Janakpur,Wheat,Crop,11,3,2022,5.36,1786.85
Janakpur,Wheat,Crop,11,3,2023,27.27,19809.75
Janakpur,Wheat,Crop,11,3,2024,123.55,66243.06
Janakpur,Carrot,Vegetable,8,12,2022,7.33,5401.05
Janakpur,Carrot,Vegetable,8,12,2023,84.71,29805.9
Janakpur,Carrot,Vegetable,8,12,2024,147.19,102367.95
Janakpur,Cauliflower,Vegetable,7,10,2022,121.37,78238.56
Janakpur,Cauliflower,Vegetable,7,10,2023,10.45,3296.97
Janakpur,Cauliflower,Vegetable,7,10,2024,17.07,10260.94
Janakpur,Spinach,Vegetable,9,11,2022,78.07,27992.2
Janakpur,Spinach,Vegetable,9,11,2023,8.23,6247.48
Janakpur,Spinach,Vegetable,9,11,2024,103.15,60902.24
Janakpur,Barley,Crop,10,3,2022,109.59,63888.66
Janakpur,Barley,Crop,10,3,2023,129.73,94577.41
Janakpur,Barley,Crop,10,3,2024,119.95,90502.96
Kathmandu,Mustard,Crop,10,2,2022,70.18,51719.16
Kathmandu,Mustard,Crop,10,2,2023,11.19,7196.01
Kathmandu,Mustard,Crop,10,2,2024,62.93,28385.09
Kathmandu,Cabbage,Vegetable,6,9,2022,56.49,43831.46
Kathmandu,Cabbage,Vegetable,6,9,2023,132.58,52292.89
Kathmandu,Cabbage,Vegetable,6,9,2024,112.54,41765.82
Kathmandu,Peas,Vegetable,10,2,2022,94.15,69491.32
Kathmandu,Peas,Vegetable,10,2,2023,13.59,6511.7
Kathmandu,Peas,Vegetable,10,2,2024,74.56,41578.5
Kathmandu,Litchi,Fruit,2,6,2022,133.75,41885.22
Kathmandu,Litchi,Fruit,2,6,2023,36.09,12156.41
Kathmandu,Litchi,Fruit,2,6,2024,7.15,2654.99
Kathmandu,Potato,Vegetable,9,12,2022,70.08,39689.91
Kathmandu,Potato,Vegetable,9,12,2023,16.45,6858.14
Kathmandu,Potato,Vegetable,9,12,2024,59.78,29645.27
Kathmandu,Pumpkin,Vegetable,6,9,2022,88.84,28441.23
Kathmandu,Pumpkin,Vegetable,6,9,2023,118.17,92887.87
Kathmandu,Pumpkin,Vegetable,6,9,2024,115.44,51752.87
Kathmandu,Guava,Fruit,6,10,2022,41.75,27918.61
Kathmandu,Guava,Fruit,6,10,2023,146.25,83757.85
Kathmandu,Guava,Fruit,6,10,2024,71.41,52178.67
Khā̃dbāri̇̄,Maize,Crop,2,5,2022,5.29,3465.67
Khā̃dbāri̇̄,Maize,Crop,2,5,2023,141.25,112894.98
Khā̃dbāri̇̄,Maize,Crop,2,5,2024,78.07,40658.18
Khā̃dbāri̇̄,Pumpkin,Vegetable,6,9,2022,97.15,47033.92
Khā̃dbāri̇̄,Pumpkin,Vegetable,6,9,2023,65.91,30409.64
Khā̃dbāri̇̄,Pumpkin,Vegetable,6,9,2024,134.09,65149.75
Khā̃dbāri̇̄,Guava,Fruit,6,10,2022,121.79,60458.48
Khā̃dbāri̇̄,Guava,Fruit,6,10,2023,95.65,36710.71
Khā̃dbāri̇̄,Guava,Fruit,6,10,2024,80.51,52773.63
Khā̃dbāri̇̄,Pineapple,Fruit,4,9,2022,52.74,19192.69
Khā̃dbāri̇̄,Pineapple,Fruit,4,9,2023,77.01,53844.42
Khā̃dbāri̇̄,Pineapple,Fruit,4,9,2024,92.23,56196.85
Khā̃dbāri̇̄,Papaya,Fruit,3,9,2022,84.18,39234.16
Khā̃dbāri̇̄,Papaya,Fruit,3,9,2023,83.48,63288.93
Khā̃dbāri̇̄,Papaya,Fruit,3,9,2024,82.26,32243.06
Khā̃dbāri̇̄,Tomato,Vegetable,8,11,2022,53.59,42056.72
Khā̃dbāri̇̄,Tomato,Vegetable,8,11,2023,125.52,39598.39
Khā̃dbāri̇̄,Tomato,Vegetable,8,11,2024,39.15,27851.66
Khā̃dbāri̇̄,Potato,Vegetable,9,12,2022,104.03,57802.7
Khā̃dbāri̇̄,Potato,Vegetable,9,12,2023,32.81,17773.53
Khā̃dbāri̇̄,Potato,Vegetable,9,12,2024,6.12,4782.81
Ki̇̄rtipur,Cauliflower,Vegetable,7,10,2022,80.15,36646.69
Ki̇̄rtipur,Cauliflower,Vegetable,7,10,2023,106.81,63891.28
Ki̇̄rtipur,Cauliflower,Vegetable,7,10,2024,48.36,23649.04
Ki̇̄rtipur,Onion,Vegetable,10,2,2022,7.92,2743.47
Ki̇̄rtipur,Onion,Vegetable,10,2,2023,122.58,60856.82
Ki̇̄rtipur,Onion,Vegetable,10,2,2024,51.39,31430.23
Ki̇̄rtipur,Mango,Fruit,4,8,2022,147.96,89968.3
Ki̇̄rtipur,Mango,Fruit,4,8,2023,41.93,20720.57
Ki̇̄rtipur,Mango,Fruit,4,8,2024,126.02,74589.24
Ki̇̄rtipur,Green Beans,Vegetable,5,8,2022,34.61,11208.81
Ki̇̄rtipur,Green Beans,Vegetable,5,8,2023,123.78,52462.59
Ki̇̄rtipur,Green Beans,Vegetable,5,8,2024,50.71,21852.9
Ki̇̄rtipur,Tomato,Vegetable,8,11,2022,85.43,38661.58
Ki̇̄rtipur,Tomato,Vegetable,8,11,2023,120.03,60028.76
Ki̇̄rtipur,Tomato,Vegetable,8,11,2024,8.93,5915.69
Ki̇̄rtipur,Chili,Vegetable,3,7,2022,45.95,16631.24
Ki̇̄rtipur,Chili,Vegetable,3,7,2023,22.82,10531.72
Ki̇̄rtipur,Chili,Vegetable,3,7,2024,34.46,18501.44
Ki̇̄rtipur,Guava,Fruit,6,10,2022,34.53,23903.42
Ki̇̄rtipur,Guava,Fruit,6,10,2023,96.22,52999.66
Ki̇̄rtipur,Guava,Fruit,6,10,2024,56.63,34062.32
Lahān,Soybean,Crop,7,10,2022,73.68,40091.81
Lahān,Soybean,Crop,7,10,2023,135.39,52413.74
Lahān,Soybean,Crop,7,10,2024,53.38,40870.15
Lahān,Barley,Crop,10,3,2022,10.39,6389.45
Lahān,Barley,Crop,10,3,2023,18.76,9988.49
Lahān,Barley,Crop,10,3,2024,77.5,30084.73
Lahān,Cucumber,Vegetable,3,6,2022,69.77,30105.31
Lahān,Cucumber,Vegetable,3,6,2023,54.44,34109.85
Lahān,Cucumber,Vegetable,3,6,2024,59.43,28876.11
Lahān,Guava,Fruit,6,10,2022,108.27,36918.32
Lahān,Guava,Fruit,6,10,2023,26.04,8476.87
Lahān,Guava,Fruit,6,10,2024,127.85,95955.6
Lahān,Cabbage,Vegetable,6,9,2022,37.77,17984.51
Lahān,Cabbage,Vegetable,6,9,2023,137.67,57575.77
Lahān,Cabbage,Vegetable,6,9,2024,41.8,12870.06
Lahān,Onion,Vegetable,10,2,2022,26.93,16688.94
Lahān,Onion,Vegetable,10,2,2023,74.99,32057.78
Lahān,Onion,Vegetable,10,2,2024,97.57,56506.69
Lahān,Cauliflower,Vegetable,7,10,2022,40.41,27852.81
Lahān,Cauliflower,Vegetable,7,10,2023,93.56,56939.63
Lahān,Cauliflower,Vegetable,7,10,2024,120.91,37422.19
Madhyapur Thimi,Barley,Crop,10,3,2022,59.79,23033.79
Madhyapur Thimi,Barley,Crop,10,3,2023,39.95,30291.66
Madhyapur Thimi,Barley,Crop,10,3,2024,36.67,28042.6
Madhyapur Thimi,Radish,Vegetable,9,12,2022,67.55,49334.42
Madhyapur Thimi,Radish,Vegetable,9,12,2023,133.52,105735.76
Madhyapur Thimi,Radish,Vegetable,9,12,2024,79.77,61147.58
Madhyapur Thimi,Spinach,Vegetable,9,11,2022,56.68,34347.91
Madhyapur Thimi,Spinach,Vegetable,9,11,2023,21.78,10411.01
Madhyapur Thimi,Spinach,Vegetable,9,11,2024,62.77,48101.21
Madhyapur Thimi,Cauliflower,Vegetable,7,10,2022,60.35,27019.69
Madhyapur Thimi,Cauliflower,Vegetable,7,10,2023,75.02,57400.47
Madhyapur Thimi,Cauliflower,Vegetable,7,10,2024,106.53,49700.89
Madhyapur Thimi,Onion,Vegetable,10,2,2022,62.1,28777.27
Madhyapur Thimi,Onion,Vegetable,10,2,2023,68.95,51862.45
Madhyapur Thimi,Onion,Vegetable,10,2,2024,98.58,55901.51
Madhyapur Thimi,Carrot,Vegetable,8,12,2022,57.31,21820.69
Madhyapur Thimi,Carrot,Vegetable,8,12,2023,107.41,63142.5
Madhyapur Thimi,Carrot,Vegetable,8,12,2024,92.78,66352.33
Madhyapur Thimi,Rice,Crop,6,10,2022,100.78,72399.7
Madhyapur Thimi,Rice,Crop,6,10,2023,124.54,41806.35
Madhyapur Thimi,Rice,Crop,6,10,2024,131.26,60446.63
Malaṅgawā,Pumpkin,Vegetable,6,9,2022,17.54,13679.61
Malaṅgawā,Pumpkin,Vegetable,6,9,2023,25.14,19726.37
Malaṅgawā,Pumpkin,Vegetable,6,9,2024,24.94,12738.17
Malaṅgawā,Onion,Vegetable,10,2,2022,133.21,54668.71
Malaṅgawā,Onion,Vegetable,10,2,2023,123.21,81754.56
Malaṅgawā,Onion,Vegetable,10,2,2024,64.68,44494.67
Malaṅgawā,Spinach,Vegetable,9,11,2022,138.57,94380.37
Malaṅgawā,Spinach,Vegetable,9,11,2023,39.93,20795.78
Malaṅgawā,Spinach,Vegetable,9,11,2024,5.27,3263.9
Malaṅgawā,Carrot,Vegetable,8,12,2022,149.68,90094.48
Malaṅgawā,Carrot,Vegetable,8,12,2023,69.71,34970.47
Malaṅgawā,Carrot,Vegetable,8,12,2024,129.62,81399.06
Malaṅgawā,Mango,Fruit,4,8,2022,13.41,8170.89
Malaṅgawā,Mango,Fruit,4,8,2023,14.42,5981.46
Malaṅgawā,Mango,Fruit,4,8,2024,18.02,8448.4
Malaṅgawā,Radish,Vegetable,9,12,2022,133.91,68591.11
Malaṅgawā,Radish,Vegetable,9,12,2023,17.53,10946.91
Malaṅgawā,Radish,Vegetable,9,12,2024,19.24,8013.32
Malaṅgawā,Cauliflower,Vegetable,7,10,2022,88.53,62411.5
Malaṅgawā,Cauliflower,Vegetable,7,10,2023,117.99,77859.09
Malaṅgawā,Cauliflower,Vegetable,7,10,2024,124.68,68131.7
Nepalgunj,Soybean,Crop,7,10,2022,122.3,44565.36
Nepalgunj,Soybean,Crop,7,10,2023,125.95,42381.62
Nepalgunj,Soybean,Crop,7,10,2024,33.58,20581.58
Nepalgunj,Green Beans,Vegetable,5,8,2022,31.65,9973.19
Nepalgunj,Green Beans,Vegetable,5,8,2023,102.26,56418.45
Nepalgunj,Green Beans,Vegetable,5,8,2024,69.79,52879.61
Nepalgunj,Chili,Vegetable,3,7,2022,115.44,77810.31
Nepalgunj,Chili,Vegetable,3,7,2023,20.71,13659.07
Nepalgunj,Chili,Vegetable,3,7,2024,31.42,21799.12
Nepalgunj,Cabbage,Vegetable,6,9,2022,22.98,12026.92
Nepalgunj,Cabbage,Vegetable,6,9,2023,54.18,42935.8
Nepalgunj,Cabbage,Vegetable,6,9,2024,47.91,18101.62
Nepalgunj,Garlic,Vegetable,10,3,2022,147.72,65430.63
Nepalgunj,Garlic,Vegetable,10,3,2023,45.2,26672.71
Nepalgunj,Garlic,Vegetable,10,3,2024,90.4,67643.37
Nepalgunj,Cauliflower,Vegetable,7,10,2022,106.58,79774.39
Nepalgunj,Cauliflower,Vegetable,7,10,2023,23.45,18192.6
Nepalgunj,Cauliflower,Vegetable,7,10,2024,41.01,19803.93
Nepalgunj,Pumpkin,Vegetable,6,9,2022,36.47,26006.58
Nepalgunj,Pumpkin,Vegetable,6,9,2023,75.87,52625.01
Nepalgunj,Pumpkin,Vegetable,6,9,2024,142.73,49620.31
Panauti,Litchi,Fruit,2,6,2022,115.55,58868.07
Panauti,Litchi,Fruit,2,6,2023,92.96,52194.87
Panauti,Litchi,Fruit,2,6,2024,66.75,36718.05
Panauti,Radish,Vegetable,9,12,2022,50.53,37051.96
Panauti,Radish,Vegetable,9,12,2023,76.72,34545.49
Panauti,Radish,Vegetable,9,12,2024,112.11,80864.62
Panauti,Cucumber,Vegetable,3,6,2022,99.45,46190.79
Panauti,Cucumber,Vegetable,3,6,2023,131.94,89307.41
Panauti,Cucumber,Vegetable,3,6,2024,95.66,48689.88
Panauti,Wheat,Crop,11,3,2022,48.0,24157.96
Panauti,Wheat,Crop,11,3,2023,27.85,10632.29
Panauti,Wheat,Crop,11,3,2024,26.35,19747.07
Panauti,Guava,Fruit,6,10,2022,100.3,66084.8
Panauti,Guava,Fruit,6,10,2023,40.13,19529.72
Panauti,Guava,Fruit,6,10,2024,51.24,39431.23
Panauti,Rice,Crop,6,10,2022,109.8,84951.27
Panauti,Rice,Crop,6,10,2023,102.09,57279.85
Panauti,Rice,Crop,6,10,2024,122.41,82338.44
Panauti,Carrot,Vegetable,8,12,2022,139.07,101115.05
Panauti,Carrot,Vegetable,8,12,2023,61.94,20577.86
Panauti,Carrot,Vegetable,8,12,2024,71.53,55846.55
Panauti̇̄,Maize,Crop,2,5,2022,104.35,69300.25
Panauti̇̄,Maize,Crop,2,5,2023,142.03,107603.5
Panauti̇̄,Maize,Crop,2,5,2024,63.48,40700.77
Panauti̇̄,Cucumber,Vegetable,3,6,2022,35.42,18637.5
Panauti̇̄,Cucumber,Vegetable,3,6,2023,55.27,40556.15
Panauti̇̄,Cucumber,Vegetable,3,6,2024,96.44,60965.58
Panauti̇̄,Tomato,Vegetable,8,11,2022,133.31,74023.31
Panauti̇̄,Tomato,Vegetable,8,11,2023,105.26,50894.23
Panauti̇̄,Tomato,Vegetable,8,11,2024,7.02,4283.71
Panauti̇̄,Papaya,Fruit,3,9,2022,112.15,68932.2
Panauti̇̄,Papaya,Fruit,3,9,2023,115.19,55980.05
Panauti̇̄,Papaya,Fruit,3,9,2024,61.8,20147.17
Panauti̇̄,Barley,Crop,10,3,2022,45.83,30713.38
Panauti̇̄,Barley,Crop,10,3,2023,143.05,104502.15
Panauti̇̄,Barley,Crop,10,3,2024,40.65,19438.28
Panauti̇̄,Guava,Fruit,6,10,2022,27.59,9449.73
Panauti̇̄,Guava,Fruit,6,10,2023,132.5,65249.84
Panauti̇̄,Guava,Fruit,6,10,2024,108.3,55870.66
Panauti̇̄,Pineapple,Fruit,4,9,2022,126.46,63585.32
Panauti̇̄,Pineapple,Fruit,4,9,2023,118.28,81481.68
Panauti̇̄,Pineapple,Fruit,4,9,2024,39.84,25607.99
Pātan,Wheat,Crop,11,3,2022,66.87,25918.77
Pātan,Wheat,Crop,11,3,2023,13.44,8822.81
Pātan,Wheat,Crop,11,3,2024,116.3,35774.52
Pātan,Cauliflower,Vegetable,7,10,2022,27.5,21700.35
Pātan,Cauliflower,Vegetable,7,10,2023,114.64,36950.91
Pātan,Cauliflower,Vegetable,7,10,2024,79.93,57842.21
Pātan,Chili,Vegetable,3,7,2022,75.32,50826.01
Pātan,Chili,Vegetable,3,7,2023,101.31,80357.47
Pātan,Chili,Vegetable,3,7,2024,88.82,49836.6
Pātan,Barley,Crop,10,3,2022,119.83,92650.26
Pātan,Barley,Crop,10,3,2023,104.52,64578.74
Pātan,Barley,Crop,10,3,2024,147.16,69731.34
Pātan,Garlic,Vegetable,10,3,2022,61.19,33107.21
Pātan,Garlic,Vegetable,10,3,2023,100.98,37124.07
Pātan,Garlic,Vegetable,10,3,2024,85.62,31234.6
Pātan,Spinach,Vegetable,9,11,2022,36.86,27875.42
Pātan,Spinach,Vegetable,9,11,2023,64.31,40673.3
Pātan,Spinach,Vegetable,9,11,2024,79.1,26553.91
Pātan,Litchi,Fruit,2,6,2022,24.92,10147.87
Pātan,Litchi,Fruit,2,6,2023,134.93,71297.14
Pātan,Litchi,Fruit,2,6,2024,81.62,56900.28
Pokhara,Onion,Vegetable,10,2,2022,120.25,63166.71
Pokhara,Onion,Vegetable,10,2,2023,134.76,80077.5
Pokhara,Onion,Vegetable,10,2,2024,116.34,60798.24
Pokhara,Mango,Fruit,4,8,2022,72.25,57617.96
Pokhara,Mango,Fruit,4,8,2023,11.2,6700.61
Pokhara,Mango,Fruit,4,8,2024,100.28,70622.46
Pokhara,Litchi,Fruit,2,6,2022,122.79,90398.7
Pokhara,Litchi,Fruit,2,6,2023,83.88,45873.91
Pokhara,Litchi,Fruit,2,6,2024,44.65,33813.98
Pokhara,Carrot,Vegetable,8,12,2022,67.5,35989.35
Pokhara,Carrot,Vegetable,8,12,2023,125.11,40758.56
Pokhara,Carrot,Vegetable,8,12,2024,129.02,42683.57
Pokhara,Chili,Vegetable,3,7,2022,140.22,90486.4
Pokhara,Chili,Vegetable,3,7,2023,71.46,43446.2
Pokhara,Chili,Vegetable,3,7,2024,102.82,32601.26
Pokhara,Cucumber,Vegetable,3,6,2022,12.43,8920.89
Pokhara,Cucumber,Vegetable,3,6,2023,69.63,37494.95
Pokhara,Cucumber,Vegetable,3,6,2024,15.53,10989.7
Pokhara,Banana,Fruit,1,12,2022,90.08,50240.37
Pokhara,Banana,Fruit,1,12,2023,36.88,24183.61
Pokhara,Banana,Fruit,1,12,2024,21.83,7233.96
Rājbirāj,Green Beans,Vegetable,5,8,2022,136.47,99486.34
Rājbirāj,Green Beans,Vegetable,5,8,2023,32.35,22061.4
Rājbirāj,Green Beans,Vegetable,5,8,2024,67.13,23539.27
Rājbirāj,Guava,Fruit,6,10,2022,56.94,44633.72
Rājbirāj,Guava,Fruit,6,10,2023,94.61,41910.17
Rājbirāj,Guava,Fruit,6,10,2024,139.29,47003.59
Rājbirāj,Cauliflower,Vegetable,7,10,2022,51.12,34612.34
Rājbirāj,Cauliflower,Vegetable,7,10,2023,127.94,88071.43
Rājbirāj,Cauliflower,Vegetable,7,10,2024,41.28,19266.35
Rājbirāj,Potato,Vegetable,9,12,2022,139.26,57929.1
Rājbirāj,Potato,Vegetable,9,12,2023,46.29,26877.13
Rājbirāj,Potato,Vegetable,9,12,2024,59.5,19606.62
Rājbirāj,Pineapple,Fruit,4,9,2022,47.75,22317.93
Rājbirāj,Pineapple,Fruit,4,9,2023,117.58,83182.65
Rājbirāj,Pineapple,Fruit,4,9,2024,111.76,38922.09
Rājbirāj,Cabbage,Vegetable,6,9,2022,53.83,36364.32
Rājbirāj,Cabbage,Vegetable,6,9,2023,107.54,50142.8
Rājbirāj,Cabbage,Vegetable,6,9,2024,109.89,48965.16
Rājbirāj,Spinach,Vegetable,9,11,2022,64.62,29595.84
Rājbirāj,Spinach,Vegetable,9,11,2023,132.1,53131.32
Rājbirāj,Spinach,Vegetable,9,11,2024,65.36,24432.88
Siddharthanagar,Orange,Fruit,5,11,2022,22.05,12134.84
Siddharthanagar,Orange,Fruit,5,11,2023,35.13,13472.8
Siddharthanagar,Orange,Fruit,5,11,2024,140.56,89537.97
Siddharthanagar,Wheat,Crop,11,3,2022,137.45,45394.83
Siddharthanagar,Wheat,Crop,11,3,2023,88.75,43044.23
Siddharthanagar,Wheat,Crop,11,3,2024,59.09,20108.04
Siddharthanagar,Cauliflower,Vegetable,7,10,2022,97.72,31809.07
Siddharthanagar,Cauliflower,Vegetable,7,10,2023,78.86,43127.83
Siddharthanagar,Cauliflower,Vegetable,7,10,2024,78.98,27231.85
Siddharthanagar,Maize,Crop,2,5,2022,106.04,65105.09
Siddharthanagar,Maize,Crop,2,5,2023,73.99,53387.83
Siddharthanagar,Maize,Crop,2,5,2024,63.84,46401.18
Siddharthanagar,Mustard,Crop,10,2,2022,102.93,51036.95
Siddharthanagar,Mustard,Crop,10,2,2023,96.02,43661.3
Siddharthanagar,Mustard,Crop,10,2,2024,20.83,6747.84
Siddharthanagar,Soybean,Crop,7,10,2022,45.55,20712.8
Siddharthanagar,Soybean,Crop,7,10,2023,51.99,40167.34
Siddharthanagar,Soybean,Crop,7,10,2024,113.02,72494.06
Siddharthanagar,Cucumber,Vegetable,3,6,2022,18.15,6064.56
Siddharthanagar,Cucumber,Vegetable,3,6,2023,40.15,22088.32
Siddharthanagar,Cucumber,Vegetable,3,6,2024,92.49,40963.73
Siraha,Spinach,Vegetable,9,11,2022,112.37,82573.51
Siraha,Spinach,Vegetable,9,11,2023,140.08,75535.28
Siraha,Spinach,Vegetable,9,11,2024,117.11,46248.99
Siraha,Onion,Vegetable,10,2,2022,125.14,66464.64
Siraha,Onion,Vegetable,10,2,2023,41.74,22869.44
Siraha,Onion,Vegetable,10,2,2024,12.11,8235.17
Siraha,Potato,Vegetable,9,12,2022,111.02,74720.04
Siraha,Potato,Vegetable,9,12,2023,50.24,26658.85
Siraha,Potato,Vegetable,9,12,2024,39.0,13940.8
Siraha,Cucumber,Vegetable,3,6,2022,33.66,24632.83
Siraha,Cucumber,Vegetable,3,6,2023,63.66,32772.85
Siraha,Cucumber,Vegetable,3,6,2024,59.39,41302.48
Siraha,Maize,Crop,2,5,2022,109.52,69640.66
Siraha,Maize,Crop,2,5,2023,136.9,88930.82
Siraha,Maize,Crop,2,5,2024,71.91,26117.82
Siraha,Radish,Vegetable,9,12,2022,76.09,48175.09
Siraha,Radish,Vegetable,9,12,2023,53.94,39814.2
Siraha,Radish,Vegetable,9,12,2024,73.62,46880.88
Siraha,Guava,Fruit,6,10,2022,96.36,60439.99
Siraha,Guava,Fruit,6,10,2023,101.84,32346.03
Siraha,Guava,Fruit,6,10,2024,33.62,19192.4
Tānsen,Rice,Crop,6,10,2022,119.61,69175.87
Tānsen,Rice,Crop,6,10,2023,89.86,35839.53
Tānsen,Rice,Crop,6,10,2024,66.68,35393.85
Tānsen,Guava,Fruit,6,10,2022,49.85,35121.77
Tānsen,Guava,Fruit,6,10,2023,101.14,54874.41
Tānsen,Guava,Fruit,6,10,2024,140.19,69482.86
Tānsen,Cauliflower,Vegetable,7,10,2022,63.5,41858.14
Tānsen,Cauliflower,Vegetable,7,10,2023,39.57,23807.2
Tānsen,Cauliflower,Vegetable,7,10,2024,144.39,101577.54
Tānsen,Green Beans,Vegetable,5,8,2022,22.47,12278.02
Tānsen,Green Beans,Vegetable,5,8,2023,136.35,74586.63
Tānsen,Green Beans,Vegetable,5,8,2024,126.4,94088.39
Tānsen,Litchi,Fruit,2,6,2022,23.5,17273.54
Tānsen,Litchi,Fruit,2,6,2023,79.17,42932.5
Tānsen,Litchi,Fruit,2,6,2024,71.5,39741.1
Tānsen,Wheat,Crop,11,3,2022,84.83,46796.93
Tānsen,Wheat,Crop,11,3,2023,22.87,12500.02
Tānsen,Wheat,Crop,11,3,2024,125.59,44137.42
Tānsen,Chili,Vegetable,3,7,2022,84.51,54797.6
Tānsen,Chili,Vegetable,3,7,2023,52.26,38893.26
Tānsen,Chili,Vegetable,3,7,2024,22.59,6882.39
Ṭikāpur,Pineapple,Fruit,4,9,2022,123.05,63203.09
Ṭikāpur,Pineapple,Fruit,4,9,2023,38.21,16345.73
Ṭikāpur,Pineapple,Fruit,4,9,2024,113.31,82222.9
Ṭikāpur,Barley,Crop,10,3,2022,104.91,82935.29
Ṭikāpur,Barley,Crop,10,3,2023,7.01,2601.23
Ṭikāpur,Barley,Crop,10,3,2024,142.28,98620.2
Ṭikāpur,Litchi,Fruit,2,6,2022,115.91,55710.53
Ṭikāpur,Litchi,Fruit,2,6,2023,117.87,56060.12
Ṭikāpur,Litchi,Fruit,2,6,2024,43.62,27999.71
Ṭikāpur,Onion,Vegetable,10,2,2022,47.33,26502.61
Ṭikāpur,Onion,Vegetable,10,2,2023,45.31,19109.22
Ṭikāpur,Onion,Vegetable,10,2,2024,72.28,54863.65
Ṭikāpur,Peas,Vegetable,10,2,2022,105.01,76262.32
Ṭikāpur,Peas,Vegetable,10,2,2023,124.47,59736.23
Ṭikāpur,Peas,Vegetable,10,2,2024,113.92,55706.84
Ṭikāpur,Cabbage,Vegetable,6,9,2022,96.4,66472.51
Ṭikāpur,Cabbage,Vegetable,6,9,2023,107.02,59635.16
Ṭikāpur,Cabbage,Vegetable,6,9,2024,76.21,32481.45
Ṭikāpur,Garlic,Vegetable,10,3,2022,68.02,50570.33
Ṭikāpur,Garlic,Vegetable,10,3,2023,7.74,5511.38
Ṭikāpur,Garlic,Vegetable,10,3,2024,24.4,11184.47
Triyuga,Maize,Crop,2,5,2022,17.19,7607.88
Triyuga,Maize,Crop,2,5,2023,119.21,64524.7
Triyuga,Maize,Crop,2,5,2024,134.29,72038.81
Triyuga,Mango,Fruit,4,8,2022,112.79,52269.76
Triyuga,Mango,Fruit,4,8,2023,139.38,62941.93
Triyuga,Mango,Fruit,4,8,2024,115.47,55662.28
Triyuga,Guava,Fruit,6,10,2022,71.42,23851.14
Triyuga,Guava,Fruit,6,10,2023,33.06,25644.11
Triyuga,Guava,Fruit,6,10,2024,117.58,75605.63
Triyuga,Onion,Vegetable,10,2,2022,18.66,5855.17
Triyuga,Onion,Vegetable,10,2,2023,59.85,22437.58
Triyuga,Onion,Vegetable,10,2,2024,148.01,61198.86
Triyuga,Mustard,Crop,10,2,2022,130.95,97043.62
Triyuga,Mustard,Crop,10,2,2023,25.5,10411.09
Triyuga,Mustard,Crop,10,2,2024,75.37,41385.55
Triyuga,Potato,Vegetable,9,12,2022,12.98,5137.81
Triyuga,Potato,Vegetable,9,12,2023,98.63,41454.19
Triyuga,Potato,Vegetable,9,12,2024,79.37,61309.62
Triyuga,Cauliflower,Vegetable,7,10,2022,62.77,31265.95
Triyuga,Cauliflower,Vegetable,7,10,2023,18.9,14234.92
Triyuga,Cauliflower,Vegetable,7,10,2024,9.03,6239.29
Tulsi̇̄pur,Potato,Vegetable,9,12,2022,46.16,27258.81
Tulsi̇̄pur,Potato,Vegetable,9,12,2023,115.07,42960.62
Tulsi̇̄pur,Potato,Vegetable,9,12,2024,114.2,46269.33
Tulsi̇̄pur,Orange,Fruit,5,11,2022,63.78,41835.94
Tulsi̇̄pur,Orange,Fruit,5,11,2023,37.07,22263.69
Tulsi̇̄pur,Orange,Fruit,5,11,2024,6.55,3969.83
Tulsi̇̄pur,Onion,Vegetable,10,2,2022,70.59,44561.87
Tulsi̇̄pur,Onion,Vegetable,10,2,2023,108.88,51052.44
Tulsi̇̄pur,Onion,Vegetable,10,2,2024,77.48,38420.26
Tulsi̇̄pur,Peas,Vegetable,10,2,2022,137.07,52023.1
Tulsi̇̄pur,Peas,Vegetable,10,2,2023,36.19,19293.92
Tulsi̇̄pur,Peas,Vegetable,10,2,2024,32.14,15034.99
Tulsi̇̄pur,Barley,Crop,10,3,2022,91.78,69770.44
Tulsi̇̄pur,Barley,Crop,10,3,2023,138.48,105062.06
Tulsi̇̄pur,Barley,Crop,10,3,2024,116.51,82076.97
Tulsi̇̄pur,Carrot,Vegetable,8,12,2022,107.13,76334.92
Tulsi̇̄pur,Carrot,Vegetable,8,12,2023,123.74,91942.36
Tulsi̇̄pur,Carrot,Vegetable,8,12,2024,130.31,93733.14
Tulsi̇̄pur,Spinach,Vegetable,9,11,2022,52.71,33927.64
Tulsi̇̄pur,Spinach,Vegetable,9,11,2023,114.44,84617.69
Tulsi̇̄pur,Spinach,Vegetable,9,11,2024,15.23,4833.53
